,,,,,,,,,,,,,,,,,,,,,,,
Name,Team,Pos,GP,G,A,+/-,PIM,PPG,PPA,SHG,SHA,Sht,HIT,BLK,GWG,HAT,W,L,T,SHo,GA,SV,GAA
,,,,,,,,,,,,,,,,,,,,,,,
"Abdelkader, Justin",DET,LW,68,11,16,-11,54,2,2,1,1,139,147,24,1,0,0,0,0,0,0,0,0
"Agostino, Kenny",BOS,LW,54,13,14,0,22,2,3,0,0,112,51,14,1,0,0,0,0,0,0,0,0
"Aho, Sebastian",CAR,LW,82,23,24,-4,34,6,9,1,1,208,55,67,3,0,0,0,0,0,0,0,0
"Allen, Jake",STL,G,60,0,0,0,0,0,0,0,0,0,0,0,0,0,31,21,0,4,142,1598,2.37
"Andersen, Frederik",TOR,G,62,0,0,0,0,0,0,0,0,0,0,0,0,0,31,25,0,3,166,1701,2.68
"Anderson, Craig",OTT,G,53,0,0,0,0,0,0,0,0,0,0,0,0,0,26,22,0,3,132,1299,2.49
"Andersson, Lias",NYR,LW,31,7,8,-2,12,0,2,0,0,78,31,13,0,0,0,0,0,0,0,0,0
"Andrighetto, Sven",COL,RW,56,11,18,-7,24,2,2,0,0,98,33,22,1,0,0,0,0,0,0,0,0
"Anisimov, Artem",CHI,C,75,21,25,6,24,5,7,1,1,133,33,31,4,0,0,0,0,0,0,0,0
"Archibald, Josh",PIT,RW,40,10,4,4,12,0,0,0,1,71,56,8,0,0,0,0,0,0,0,0,0
"Arvidsson, Viktor",NAS,LW,80,24,28,8,30,4,6,2,3,244,25,44,4,0,0,0,0,0,0,0,0
"Athanasiou, Andreas",DET,C,69,19,14,-8,34,3,5,0,1,134,40,24,3,0,0,0,0,0,0,0,0
"Atkinson, Cam",CLM,RW,81,31,27,7,22,9,8,2,0,233,40,37,5,1,0,0,0,0,0,0,0
"Backes, David",BOS,RW,76,18,23,3,71,2,5,0,0,170,210,50,1,0,0,0,0,0,0,0,0
"Backlund, Mikael",CGY,C,81,21,29,8,30,5,9,1,1,181,60,44,4,0,0,0,0,0,0,0,0
"Backstrom, Nicklas",WAS,C,78,23,58,14,34,3,25,0,0,157,44,32,4,0,0,0,0,0,0,0,0
"Baertschi, Sven",VAN,LW,70,16,18,-9,12,2,4,0,0,115,40,33,2,0,0,0,0,0,0,0,0
"Bailey, Josh",NYI,LW,82,12,23,0,24,2,6,1,1,151,44,31,1,0,0,0,0,0,0,0,0
"Barkov, Aleksander",FLA,C,70,24,30,11,12,6,9,0,1,181,44,34,5,0,0,0,0,0,0,0,0
"Barrie, Tyson",COL,D,76,9,33,-14,24,1,8,0,1,166,34,77,1,0,0,0,0,0,0,0,0
"Barzal, Mathew",NYI,C,43,6,17,-3,10,0,4,0,0,57,24,7,0,0,0,0,0,0,0,0,0
"Beagle, Jay",WAS,C,81,11,13,5,22,0,0,0,1,99,55,32,1,0,0,0,0,0,0,0,0
"Beaulieu, Nathan",BUF,D,77,4,23,2,46,1,4,0,0,114,61,99,1,0,0,0,0,0,0,0,0
"Benn, Jamie",DAL,C,80,32,44,0,64,13,15,1,2,244,121,36,5,1,0,0,0,0,0,0,0
"Bennett, Sam",CGY,LW,81,16,18,-10,56,4,2,0,1,139,113,40,2,0,0,0,0,0,0,0,0
"Bergeron, Patrice",BOS,C,80,23,32,14,28,7,9,1,2,241,60,51,4,0,0,0,0,0,0,0,0
"Berglund, Patrik",STL,C,78,17,13,-2,38,3,4,1,1,149,99,44,4,0,0,0,0,0,0,0,0
"Bernier, Jonathan",COL,G,42,0,0,0,0,0,0,0,0,0,0,0,0,0,18,22,0,1,111,1134,2.64
"Berube, Jean-Francois",CHI,G,20,0,0,0,0,0,0,0,0,0,0,0,0,0,9,8,0,0,56,524,2.8
"Bishop, Ben",DAL,G,55,0,0,0,0,0,0,0,0,0,0,0,0,0,28,22,0,3,137,1463,2.49
"Bjorkstrand, Oliver",CLM,RW,56,14,17,3,12,3,3,0,0,133,20,13,2,0,0,0,0,0,0,0,0
"Bobrovsky, Sergei",CLM,G,64,0,0,0,0,0,0,0,0,0,0,0,0,0,34,26,0,5,149,1707,2.33
"Boeser, Brock",VAN,RW,47,14,13,-3,32,3,2,0,0,99,34,11,1,0,0,0,0,0,0,0,0
"Bonino, Nick",NAS,C,77,17,20,0,24,3,4,1,1,155,45,71,2,0,0,0,0,0,0,0,0
"Boychuk, Johnny",NYI,D,68,6,17,9,30,1,4,1,1,157,151,122,1,0,0,0,0,0,0,0,0
"Bozak, Tyler",TOR,C,76,15,28,-3,24,3,7,0,1,149,45,25,2,0,0,0,0,0,0,0,0
"Brassard, Derick",OTT,C,81,18,26,12,27,4,9,0,0,191,99,24,4,0,0,0,0,0,0,0,0
"Brodie, T.J.",CGY,D,78,6,31,-4,20,1,9,0,1,81,31,112,1,0,0,0,0,0,0,0,0
"Brodin, Jonas",MIN,D,67,2,20,-2,30,1,3,0,0,99,34,100,1,0,0,0,0,0,0,0,0
"Brossoit, Laurent",EDM,G,15,0,0,0,0,0,0,0,0,0,0,0,0,0,6,8,0,0,43,396,2.87
"Brown, Connor",TOR,RW,81,19,15,4,12,2,3,1,1,141,45,51,2,0,0,0,0,0,0,0,0
"Brown, Dustin",LOS,RW,80,14,21,-6,30,2,2,0,1,161,191,28,1,0,0,0,0,0,0,0,0
"Budaj, Peter",TAM,G,24,0,0,0,0,0,0,0,0,0,0,0,0,0,12,9,0,1,61,616,2.54
"Burakovsky, Andre",WAS,RW,71,14,24,11,18,3,4,0,0,137,40,25,2,0,0,0,0,0,0,0,0
"Burns, Brent",SAN,D,82,24,47,9,42,9,14,0,1,321,88,135,5,0,0,0,0,0,0,0,0
"Burrows, Alex",OTT,RW,77,15,13,-9,50,1,1,1,1,123,61,31,1,0,0,0,0,0,0,0,0
"Byfuglien, Dustin",WPG,D,80,15,35,6,118,3,12,1,1,239,177,110,3,0,0,0,0,0,0,0,0
"Byron, Paul",MON,C,81,12,10,10,34,0,3,0,1,109,122,36,3,0,0,0,0,0,0,0,0
"Cammalleri, Michael",LOS,LW,63,15,21,-11,24,2,6,0,0,144,33,13,2,0,0,0,0,0,0,0,0
"Carlson, John",WAS,D,77,8,32,10,12,2,12,0,0,167,52,122,2,0,0,0,0,0,0,0,0
"Carter, Jeff",LOS,C,79,27,37,11,34,7,11,1,1,244,87,37,5,0,0,0,0,0,0,0,0
"Cassels, Cole",VAN,C,74,14,22,2,20,4,10,0,0,118,32,16,1,0,0,0,0,0,0,0,0
"Chabot, Thomas",OTT,D,31,2,7,-3,12,0,1,0,0,31,21,21,0,0,0,0,0,0,0,0,0
"Chara, Zdeno",BOS,D,76,8,17,14,62,1,1,0,1,128,132,131,0,0,0,0,0,0,0,0,0
"Chimera, Jason",NYI,LW,82,20,16,-3,34,3,5,1,1,139,122,28,2,0,0,0,0,0,0,0,0
"Cogliano, Andrew",ANA,LW,82,14,19,8,28,0,0,2,1,159,92,30,2,0,0,0,0,0,0,0,0
"Condon, Mike",OTT,G,29,0,0,0,0,0,0,0,0,0,0,0,0,0,13,12,0,1,81,758,2.79
"Connor, Kyle",WPG,LW,44,13,12,-4,10,3,2,0,0,103,15,6,1,0,0,0,0,0,0,0,0
"Coreau, Jared",DET,G,2,0,0,0,0,0,0,0,0,0,0,0,0,0,1,1,0,0,6,56,3
"Couture, Logan",SAN,C,78,27,33,6,20,9,10,1,1,199,54,54,4,1,0,0,0,0,0,0,0
"Couturier, Sean",PHI,C,70,12,21,10,33,2,4,1,1,127,37,33,2,0,0,0,0,0,0,0,0
"Coyle, Charlie",MIN,RW,82,20,29,7,30,3,4,0,1,155,111,62,4,0,0,0,0,0,0,0,0
"Crawford, Corey",CHI,G,60,0,0,0,0,0,0,0,0,0,0,0,0,0,35,21,0,4,145,1557,2.42
"Crosby, Sidney",PIT,C,77,36,61,18,30,11,16,0,1,251,77,31,7,2,0,0,0,0,0,0,0
"Dadonov, Evgeny",FLA,RW,71,21,24,4,20,4,5,0,0,159,31,23,2,0,0,0,0,0,0,0,0
"Daley, Trevor",DET,D,61,5,16,4,30,1,4,0,0,91,32,72,0,0,0,0,0,0,0,0,0
"Danault, Phillip",MON,C,82,16,25,4,36,1,2,0,1,143,81,55,2,0,0,0,0,0,0,0,0
"Darling, Scott",CAR,G,58,0,0,0,0,0,0,0,0,0,0,0,0,0,26,27,0,2,144,1479,2.48
"DeAngelo, Anthony",NYR,D,73,11,22,-2,62,2,5,0,0,134,55,78,2,0,0,0,0,0,0,0,0
"Del Zotto, Michael",VAN,D,61,5,13,-9,30,1,4,0,0,95,144,109,0,0,0,0,0,0,0,0,0
"Dell, Aaron",SAN,G,20,0,0,0,0,0,0,0,0,0,0,0,0,0,10,7,0,0,55,533,2.75
"Demers, Jason",ARI,D,81,8,20,2,62,2,4,1,1,103,99,80,1,0,0,0,0,0,0,0,0
"Domi, Max",ARI,C,77,22,38,-7,50,7,11,1,1,171,30,23,3,0,0,0,0,0,0,0,0
"Domingue, Louis",ARI,G,32,0,0,0,0,0,0,0,0,0,0,0,0,0,12,19,0,0,95,882,2.97
"Doughty, Drew",LOS,D,82,13,35,12,50,6,14,0,1,191,124,105,3,0,0,0,0,0,0,0,0
"Draisaitl, Leon",EDM,C,82,33,44,4,20,11,13,0,0,191,40,31,5,1,0,0,0,0,0,0,0
"Drouin, Jonathan",MON,C,75,23,31,-12,20,8,11,0,0,211,55,14,4,0,0,0,0,0,0,0,0
"Dubinsky, Brandon",CLM,C,80,14,28,0,80,3,4,1,1,165,233,55,3,0,0,0,0,0,0,0,0
"Dubnyk, Devan",MIN,G,63,0,0,0,0,0,0,0,0,0,0,0,0,0,31,24,0,5,151,1707,2.4
"Duchene, Matt",COL,C,77,21,30,-14,20,6,7,0,1,181,41,40,4,0,0,0,0,0,0,0,0
"Dumba, Mathew",MIN,D,79,11,25,11,44,5,8,0,0,159,100,69,2,0,0,0,0,0,0,0,0
"Dvorak, Christian",ARI,LW,79,17,21,-2,30,3,4,0,0,109,77,56,1,0,0,0,0,0,0,0,0
"Dzingel, Ryan",OTT,C,81,16,21,5,34,1,3,1,1,133,77,23,2,0,0,0,0,0,0,0,0
"Eaves, Patrick",ANA,RW,79,24,21,-3,30,9,4,0,0,178,81,56,3,0,0,0,0,0,0,0,0
"Eberle, Jordan",NYI,RW,78,23,30,-3,18,5,11,0,0,200,27,30,3,0,0,0,0,0,0,0,0
"Edler, Alexander",VAN,D,65,5,16,-11,40,1,1,0,0,141,90,122,1,0,0,0,0,0,0,0,0
"Ehlers, Nikolaj",WPG,LW,81,26,37,2,40,7,9,0,0,221,43,26,5,0,0,0,0,0,0,0,0
"Eichel, Jack",BUF,C,77,30,39,-5,28,12,16,0,0,298,44,31,6,1,0,0,0,0,0,0,0
"Ekblad, Aaron",FLA,D,79,12,28,4,56,5,9,0,1,210,89,61,3,0,0,0,0,0,0,0,0
"Ekholm, Mattias",NAS,D,81,5,22,6,40,1,5,0,0,125,66,110,1,0,0,0,0,0,0,0,0
"Ekman-Larsson, Oliver",ARI,D,77,13,30,-11,56,9,11,0,1,177,122,81,4,0,0,0,0,0,0,0,0
"Elliott, Brian",PHI,G,42,0,0,0,0,0,0,0,0,0,0,0,0,0,20,20,0,2,108,1092,2.57
"Ellis, Ryan",NAS,D,39,5,11,6,15,1,3,0,1,72,31,60,1,0,0,0,0,0,0,0,0
"Eriksson, Loui",VAN,RW,73,19,18,-7,12,6,3,0,1,149,22,30,2,0,0,0,0,0,0,0,0
"Eriksson Ek, Joel",MIN,C,33,8,7,-2,10,1,1,0,0,71,12,9,1,0,0,0,0,0,0,0,0
"Fabbri, Robby",STL,C,0,0,0,0,0,0,0,0,0,1,0,0,0,0,0,0,0,0,0,0,0
"Faksa, Radek",DAL,C,80,14,23,-2,56,1,3,0,0,156,91,56,0,0,0,0,0,0,0,0,0
"Faulk, Justin",CAR,D,77,15,26,-14,30,7,9,0,0,185,110,72,2,0,0,0,0,0,0,0,0
"Fedun, Taylor",BUF,D,56,3,14,2,20,0,2,0,0,45,21,32,0,0,0,0,0,0,0,0,0
"Fiala, Kevin",NAS,LW,63,12,8,0,24,0,0,0,0,123,55,23,1,0,0,0,0,0,0,0,0
"Filppula, Valtteri",PHI,C,79,14,31,-5,30,1,6,0,1,99,32,22,1,0,0,0,0,0,0,0,0
"Fischer, Christian",ARI,RW,45,12,14,-9,18,2,4,0,0,99,27,13,1,0,0,0,0,0,0,0,0
"Fleury, Marc-Andre",LAS,G,58,0,0,0,0,0,0,0,0,0,0,0,0,0,21,33,0,1,161,1570,2.78
"Foligno, Nick",CLM,LW,78,24,26,0,54,9,12,0,0,183,151,48,4,0,0,0,0,0,0,0,0
"Forsberg, Filip",NAS,RW,82,32,30,2,40,5,11,1,1,241,105,34,5,1,0,0,0,0,0,0,0
"Forsberg, Anton",CHI,G,2,0,0,0,0,0,0,0,0,0,0,0,0,0,1,1,0,0,5,47,2.5
"Fowler, Cam",ANA,D,78,9,26,0,24,3,11,0,1,158,40,122,2,0,0,0,0,0,0,0,0
"Franson, Cody",CHI,D,61,2,12,3,20,0,0,0,0,71,69,71,0,0,0,0,0,0,0,0,0
"Frolik, Michael",CGY,LW,80,16,27,9,54,2,5,1,1,167,62,46,2,0,0,0,0,0,0,0,0
"Gaborik, Marian",LOS,RW,63,13,12,-5,14,2,2,0,0,123,22,44,2,0,0,0,0,0,0,0,0
"Gagner, Sam",VAN,C,81,17,24,5,30,3,7,0,0,174,22,59,1,0,0,0,0,0,0,0,0
"Galchenyuk, Alex",MON,RW,80,24,28,0,34,7,9,0,0,177,56,38,5,0,0,0,0,0,0,0,0
"Gallagher, Brendan",MON,RW,64,11,15,9,30,3,2,0,0,168,50,21,1,0,0,0,0,0,0,0,0
"Gardiner, Jake",TOR,D,80,8,31,13,32,1,11,0,0,124,71,69,2,0,0,0,0,0,0,0,0
"Gaudreau, Johnny",CGY,LW,79,31,43,4,14,7,13,0,0,221,13,12,5,1,0,0,0,0,0,0,0
"Gaudreau, Frederick",NAS,C,47,9,11,0,10,1,2,0,0,85,23,4,0,0,0,0,0,0,0,0,0
"Getzlaf, Ryan",ANA,C,76,15,48,11,50,4,13,1,1,141,92,71,3,0,0,0,0,0,0,0,0
"Gibson, John",ANA,G,60,0,0,0,0,0,0,0,0,0,0,0,0,0,31,22,0,4,142,1619,2.37
"Gillies, Jon",CGY,G,2,0,0,0,0,0,0,0,0,0,0,0,0,0,1,1,0,0,5,49,2.5
"Gionta, Brian",,RW,80,13,20,-6,20,2,3,1,1,144,40,32,2,0,0,0,0,0,0,0,0
"Giordano, Mark",CGY,D,81,12,32,12,60,5,13,1,1,177,71,188,3,0,0,0,0,0,0,0,0
"Girardi, Dan",TAM,D,69,3,13,9,20,0,1,0,0,74,112,141,0,0,0,0,0,0,0,0,0
"Giroux, Claude",PHI,C,80,17,44,-7,40,5,20,0,1,225,69,30,4,0,0,0,0,0,0,0,0
"Glass, Cody",LAS,C,59,14,25,-13,34,2,6,0,0,129,34,13,1,0,0,0,0,0,0,0,0
"Goligoski, Alex",ARI,D,82,6,31,-10,32,1,7,0,1,121,112,144,1,0,0,0,0,0,0,0,0
"Gostisbehere, Shayne",PHI,D,73,8,29,-12,30,4,16,0,0,166,34,88,1,0,0,0,0,0,0,0,0
"Grabner, Michael",NYR,RW,78,22,14,13,12,0,1,2,2,162,41,43,3,0,0,0,0,0,0,0,0
"Granlund, Markus",VAN,C,71,18,13,-11,20,2,4,1,1,129,33,13,2,0,0,0,0,0,0,0,0
"Granlund, Mikael",MIN,C,81,22,40,13,14,5,12,1,1,169,43,45,3,0,0,0,0,0,0,0,0
"Green, Mike",DET,D,73,8,24,-13,40,4,11,0,0,126,81,84,1,0,0,0,0,0,0,0,0
"Greiss, Thomas",NYI,G,42,0,0,0,0,0,0,0,0,0,0,0,0,0,20,20,0,2,108,1137,2.57
"Grubauer, Philipp",WAS,G,17,0,0,0,0,0,0,0,0,0,0,0,0,0,8,6,0,1,43,445,2.53
"Gudas, Radko",PHI,D,71,5,18,4,99,0,2,0,0,112,244,121,0,0,0,0,0,0,0,0,0
"Guentzel, Jake",PIT,LW,77,29,32,5,20,6,9,0,0,177,112,27,3,0,0,0,0,0,0,0,0
"Halak, Jaroslav",NYI,G,40,0,0,0,0,0,0,0,0,0,0,0,0,0,19,18,0,2,103,1058,2.58
"Hall, Taylor",NJD,LW,75,21,32,-9,40,6,9,0,1,231,61,40,4,0,0,0,0,0,0,0,0
"Hamilton, Dougie",CGY,D,81,13,39,8,54,3,13,0,1,211,70,97,2,0,0,0,0,0,0,0,0
"Hamonic, Travis",CGY,D,76,7,17,-5,57,1,2,0,0,132,127,129,0,0,0,0,0,0,0,0,0
"Hanifin, Noah",CAR,D,80,4,26,-13,24,1,7,0,0,122,69,75,1,0,0,0,0,0,0,0,0
"Hansen, Jannik",SAN,RW,79,11,15,6,38,0,0,0,1,112,41,16,0,0,0,0,0,0,0,0,0
"Hanzal, Martin",DAL,C,74,16,20,-11,60,3,1,0,0,155,129,40,2,0,0,0,0,0,0,0,0
"Hartman, Ryan",CHI,RW,77,17,12,4,82,0,0,0,0,156,131,32,2,0,0,0,0,0,0,0,0
"Hartnell, Scott",NAS,LW,77,17,22,3,80,2,4,0,0,143,99,44,1,0,0,0,0,0,0,0,0
"Haula, Erik",LAS,C,72,14,16,3,26,1,1,1,1,124,42,48,2,0,0,0,0,0,0,0,0
"Hawryluk, Jayce",FLA,C,28,4,5,6,18,0,0,0,0,57,17,11,0,0,0,0,0,0,0,0,0
"Hayes, Kevin",NYR,C,79,19,31,11,30,3,7,1,1,155,54,31,3,0,0,0,0,0,0,0,0
"Hedman, Victor",TAM,D,79,13,41,11,44,3,17,0,1,188,71,132,4,0,0,0,0,0,0,0,0
"Hellebuyck, Connor",WPG,G,35,0,0,0,0,0,0,0,0,0,0,0,0,0,16,14,0,1,98,1003,2.8
"Helm, Darren",DET,C,69,14,15,2,30,1,2,1,1,134,87,40,2,0,0,0,0,0,0,0,0
"Henrique, Adam",NJD,C,81,24,21,-4,30,6,7,2,1,156,71,61,4,0,0,0,0,0,0,0,0
"Hicketts, Joe",DET,D,45,3,13,-4,12,1,2,0,0,45,24,34,0,0,0,0,0,0,0,0,0
"Hischier, Nico",NJD,C,73,19,24,-8,34,4,8,0,0,159,59,20,2,0,0,0,0,0,0,0,0
"Ho-Sang, Josh",NYI,RW,63,15,28,-1,30,2,6,0,0,113,15,31,1,0,0,0,0,0,0,0,0
"Hoffman, Mike",OTT,LW,77,27,31,12,30,9,11,0,0,233,31,25,4,0,0,0,0,0,0,0,0
"Holden, Nick",NYR,D,81,8,24,10,30,1,3,0,1,100,156,100,1,0,0,0,0,0,0,0,0
"Holtby, Braden",WAS,G,65,0,0,0,0,0,0,0,0,0,0,0,0,0,38,19,0,6,144,1656,2.22
"Honka, Julius",DAL,D,62,5,22,-2,34,1,5,0,0,91,54,32,0,0,0,0,0,0,0,0,0
"Hornqvist, Patric",PIT,RW,76,21,26,11,30,8,9,0,0,219,187,54,4,0,0,0,0,0,0,0,0
"Horvat, Bo",VAN,C,81,21,31,-5,20,4,7,1,1,149,67,45,1,0,0,0,0,0,0,0,0
"Hossa, Marian",CHI,RW,0,0,0,0,0,0,0,0,0,0,0,0,0,0,0,0,0,0,0,0,0
"Howard, Jimmy",DET,G,42,0,0,0,0,0,0,0,0,0,0,0,0,0,19,18,0,1,109,1091,2.6
"Huberdeau, Jonathan",FLA,LW,77,22,34,9,40,6,9,0,1,181,56,30,3,0,0,0,0,0,0,0,0
"Hunwick, Matt",PIT,D,61,1,14,10,20,0,0,0,0,71,80,80,0,0,0,0,0,0,0,0,0
"Hutchinson, Michael",WPG,G,35,0,0,0,0,0,0,0,0,0,0,0,0,0,15,15,0,1,100,1009,2.86
"Hutton, Carter",STL,G,22,0,0,0,0,0,0,0,0,0,0,0,0,0,11,9,0,1,58,586,2.64
"Iginla, Jarome",,RW,40,9,8,-10,24,3,3,0,0,91,54,21,2,0,0,0,0,0,0,0,0
"Jagr, Jaromir",,RW,77,14,27,0,44,4,7,0,0,140,23,10,1,0,0,0,0,0,0,0,0
"Jarnkrok, Calle",NAS,C,81,17,14,0,23,2,2,1,1,139,40,29,1,0,0,0,0,0,0,0,0
"Jenner, Boone",CLM,LW,81,22,18,8,64,2,1,1,1,219,214,77,3,0,0,0,0,0,0,0,0
"Johansen, Ryan",NAS,C,78,20,43,-1,50,4,13,1,0,178,63,20,3,0,0,0,0,0,0,0,0
"Johansson, Marcus",NJD,LW,80,21,31,13,14,4,13,0,1,136,36,22,4,0,0,0,0,0,0,0,0
"Johnson, Chad",BUF,G,22,0,0,0,0,0,0,0,0,0,0,0,0,0,9,11,0,1,67,633,3.05
"Johnson, Tyler",TAM,C,70,17,25,0,24,4,11,0,0,159,46,31,3,0,0,0,0,0,0,0,0
"Johnson, Jack",CLM,D,77,5,21,8,30,1,1,0,1,119,99,122,1,0,0,0,0,0,0,0,0
"Johnson, Erik",COL,D,63,4,19,-9,12,0,3,0,0,113,92,81,1,0,0,0,0,0,0,0,0
"Jokinen, Jussi",EDM,LW,75,13,15,-3,40,3,5,1,1,139,34,40,2,0,0,0,0,0,0,0,0
"Jones, Martin",SAN,G,62,0,0,0,0,0,0,0,0,0,0,0,0,0,30,25,0,4,152,1609,2.45
"Jones, Seth",CLM,D,77,11,31,8,20,2,7,0,0,161,55,99,2,0,0,0,0,0,0,0,0
"Josi, Roman",NAS,D,78,13,38,3,32,6,13,0,1,208,55,133,2,0,0,0,0,0,0,0,0
"Jost, Tyson",COL,C,37,10,9,-9,44,2,4,0,0,102,45,17,2,0,0,0,0,0,0,0,0
"Kadri, Nazem",TOR,C,78,21,26,-4,77,11,4,0,0,211,124,38,4,0,0,0,0,0,0,0,0
"Kamenev, Vladislav",NAS,C,44,9,13,2,10,0,1,0,0,100,19,4,0,0,0,0,0,0,0,0,0
"Kane, Evander",BUF,LW,72,24,16,-11,100,5,7,0,0,256,144,30,4,0,0,0,0,0,0,0,0
"Kane, Patrick",CHI,RW,82,36,58,14,32,11,19,0,1,289,26,13,7,2,0,0,0,0,0,0,0
"Karlsson, Erik",OTT,D,71,15,49,6,24,5,25,0,1,213,55,167,4,0,0,0,0,0,0,0,0
"Keith, Duncan",CHI,D,79,8,37,16,20,3,11,0,1,169,22,113,3,0,0,0,0,0,0,0,0
"Keller, Clayton",ARI,C,47,13,14,-11,38,2,5,0,0,122,43,13,2,0,0,0,0,0,0,0,0
"Kesler, Ryan",ANA,C,80,22,34,5,80,6,11,0,0,171,150,81,3,0,0,0,0,0,0,0,0
"Kessel, Phil",PIT,RW,82,25,38,4,20,9,17,0,1,233,11,14,4,1,0,0,0,0,0,0,0
"Khudobin, Anton",BOS,G,20,0,0,0,0,0,0,0,0,0,0,0,0,0,10,8,0,0,50,493,2.5
"Killorn, Alex",TAM,C,81,16,21,-2,55,3,5,1,1,170,80,24,3,0,0,0,0,0,0,0,0
"Kinkaid, Keith",NJD,G,21,0,0,0,0,0,0,0,0,0,0,0,0,0,8,12,0,0,62,587,2.95
"Klefbom, Oscar",EDM,D,81,12,31,10,34,2,11,0,0,200,44,139,2,0,0,0,0,0,0,0,0
"Klingberg, John",DAL,D,78,12,39,11,32,3,15,0,0,137,43,89,3,0,0,0,0,0,0,0,0
"Koivu, Mikko",MIN,C,81,17,40,11,37,4,11,1,1,140,36,60,3,0,0,0,0,0,0,0,0
"Komarov, Leo",TOR,LW,78,19,18,4,34,3,5,1,1,139,221,55,2,0,0,0,0,0,0,0,0
"Konecny, Travis",PHI,C,78,14,16,-4,56,5,6,0,0,164,102,34,2,0,0,0,0,0,0,0,0
"Kopitar, Anze",LOS,C,77,19,40,11,24,4,13,1,1,177,78,61,4,0,0,0,0,0,0,0,0
"Korpisalo, Joonas",CLM,G,18,0,0,0,0,0,0,0,0,0,0,0,0,0,8,6,0,0,51,482,2.83
"Kreider, Chris",NYR,LW,77,26,24,11,60,7,6,0,1,191,144,30,4,0,0,0,0,0,0,0,0
"Krejci, David",BOS,C,74,17,32,2,30,4,11,0,1,143,41,49,2,0,0,0,0,0,0,0,0
"Krug, Torey",BOS,D,81,12,29,9,30,4,15,0,0,221,61,70,2,0,0,0,0,0,0,0,0
"Kucherov, Nikita",TAM,RW,77,34,44,11,34,11,15,0,0,249,45,22,5,0,0,0,0,0,0,0,0
"Kuemper, Darcy",LOS,G,22,0,0,0,0,0,0,0,0,0,0,0,0,0,9,10,0,0,58,563,2.64
"Kunitz, Chris",TAM,LW,75,14,20,4,40,1,4,0,0,139,221,31,2,0,0,0,0,0,0,0,0
"Kuznetsov, Evgeny",WAS,C,82,21,41,13,40,3,12,0,0,177,55,21,3,0,0,0,0,0,0,0,0
"Lack, Eddie",CGY,G,28,0,0,0,0,0,0,0,0,0,0,0,0,0,13,12,0,1,72,729,2.57
"Ladd, Andrew",NYI,LW,75,21,14,-9,44,4,3,1,1,146,122,43,2,0,0,0,0,0,0,0,0
"Laine, Patrik",WPG,RW,79,34,27,4,30,11,6,0,1,233,82,31,5,1,0,0,0,0,0,0,0
"Landeskog, Gabriel",COL,LW,75,21,28,-11,70,6,5,1,1,177,142,56,3,0,0,0,0,0,0,0,0
"Larkin, Dylan",DET,C,80,24,25,-12,40,7,4,1,1,217,69,24,3,0,0,0,0,0,0,0,0
"Leddy, Nick",NYI,D,81,7,35,-4,20,2,11,0,0,131,80,91,1,0,0,0,0,0,0,0,0
"Lee, Anders",NYI,C,80,26,23,0,54,8,4,0,0,193,166,33,5,0,0,0,0,0,0,0,0
"Lehner, Robin",BUF,G,60,0,0,0,0,0,0,0,0,0,0,0,0,0,26,28,0,2,154,1645,2.57
"Lehtonen, Kari",DAL,G,27,0,0,0,0,0,0,0,0,0,0,0,0,0,12,14,0,1,74,687,2.74
"Leivo, Josh",TOR,LW,35,7,9,-3,14,1,2,0,0,61,23,5,0,0,0,0,0,0,0,0,0
"Letang, Kris",PIT,D,67,9,36,5,56,4,17,0,1,167,100,85,2,0,0,0,0,0,0,0,0
"Letestu, Mark",EDM,C,80,15,20,0,20,4,3,1,1,131,69,33,3,0,0,0,0,0,0,0,0
"Liljegren, Timothy",TOR,D,37,2,9,-5,14,0,1,0,0,44,24,24,0,0,0,0,0,0,0,0,0
"Lindholm, Hampus",ANA,D,62,4,17,7,30,1,3,0,0,99,71,77,1,0,0,0,0,0,0,0,0
"Lindholm, Elias",CAR,RW,77,11,30,-11,20,2,11,1,2,157,100,44,2,0,0,0,0,0,0,0,0
"Little, Bryan",WPG,C,63,22,27,-9,20,5,9,0,0,131,44,22,3,0,0,0,0,0,0,0,0
"Lowry, Adam",WPG,LW,80,13,14,-2,50,3,5,1,1,131,199,52,1,0,0,0,0,0,0,0,0
"Lucic, Milan",EDM,LW,81,22,28,-2,62,5,11,0,1,171,211,22,3,0,0,0,0,0,0,0,0
"Lundqvist, Henrik",NYR,G,60,0,0,0,0,0,0,0,0,0,0,0,0,0,31,22,0,3,149,1606,2.48
"Luongo, Roberto",FLA,G,40,0,0,0,0,0,0,0,0,0,0,0,0,0,18,16,0,1,105,1066,2.63
"MacKinnon, Nathan",COL,C,78,22,34,-12,20,5,11,1,1,233,50,34,4,0,0,0,0,0,0,0,0
"Malkin, Evgeni",PIT,C,69,26,37,3,61,9,14,0,0,188,25,21,5,0,0,0,0,0,0,0,0
"Mantha, Anthony",DET,RW,72,19,21,8,49,2,4,0,0,145,44,31,2,0,0,0,0,0,0,0,0
"Marchand, Brad",BOS,LW,79,36,41,19,84,10,16,3,2,249,51,45,7,1,0,0,0,0,0,0,0
"Marchessault, Jonathan",LAS,LW,79,25,20,-26,40,9,11,0,0,200,109,17,3,0,0,0,0,0,0,0,0
"Markov, Andrei",,D,0,0,0,0,0,0,0,0,0,0,0,0,0,0,0,0,0,0,0,0,0
"Markstrom, Jacob",VAN,G,39,0,0,0,0,0,0,0,0,0,0,0,0,0,14,20,0,1,112,1067,2.87
"Marleau, Patrick",TOR,LW,82,25,24,4,30,6,11,0,1,195,71,34,4,0,0,0,0,0,0,0,0
"Marner, Mitch",TOR,C,79,23,44,7,44,5,16,0,1,188,46,71,4,0,0,0,0,0,0,0,0
"Maroon, Patrick",EDM,LW,81,20,14,9,102,2,4,0,1,181,177,31,4,0,0,0,0,0,0,0,0
"Martin, Matt",TOR,LW,65,4,7,5,98,0,0,0,0,54,327,23,0,0,0,0,0,0,0,0,0
"Martin, Paul",SAN,D,81,4,21,5,22,0,0,0,0,67,47,125,0,0,0,0,0,0,0,0,0
"Martinez, Alec",LOS,D,80,9,25,10,30,3,11,0,1,149,141,155,2,0,0,0,0,0,0,0,0
"Mason, Steve",WPG,G,25,0,0,0,0,0,0,0,0,0,0,0,0,0,12,11,0,0,71,673,2.84
"Matthews, Auston",TOR,C,82,37,41,7,24,9,12,1,1,277,31,64,6,1,0,0,0,0,0,0,0
"McAvoy, Charlie",BOS,D,72,9,27,-2,46,1,7,0,0,129,61,44,0,0,0,0,0,0,0,0,0
"McDavid, Connor",EDM,C,82,36,74,22,32,3,24,2,1,263,40,31,6,2,0,0,0,0,0,0,0
"McDonagh, Ryan",NYR,D,75,7,30,18,30,1,11,0,1,147,82,155,1,0,0,0,0,0,0,0,0
"McElhinney, Curtis",TOR,G,20,0,0,0,0,0,0,0,0,0,0,0,0,0,7,10,0,0,55,516,2.75
"McGinn, Jamie",FLA,LW,59,8,7,0,30,1,0,0,0,88,110,13,1,0,0,0,0,0,0,0,0
"McNabb, Brayden",LAS,D,65,2,13,-8,52,0,0,0,0,72,185,76,0,0,0,0,0,0,0,0,0
"Milano, Sonny",CLM,LW,34,5,13,-3,12,0,2,0,0,55,14,10,0,0,0,0,0,0,0,0,0
"Miller, J.T.",NYR,C,82,22,28,9,30,2,4,1,2,141,122,50,4,0,0,0,0,0,0,0,0
"Miller, Ryan",ANA,G,24,0,0,0,0,0,0,0,0,0,0,0,0,0,11,10,0,1,60,636,2.5
"Monahan, Sean",CGY,C,82,30,34,1,22,8,11,1,1,208,36,30,5,0,0,0,0,0,0,0,0
"Montoya, Al",MON,G,18,0,0,0,0,0,0,0,0,0,0,0,0,0,9,7,0,1,49,495,2.72
"Morrissey, Josh",WPG,D,82,7,19,3,44,1,3,0,0,114,151,142,1,0,0,0,0,0,0,0,0
"Moulson, Matt",BUF,LW,81,12,17,-5,14,5,4,0,0,124,40,22,2,0,0,0,0,0,0,0,0
"Mrazek, Petr",DET,G,40,0,0,0,0,0,0,0,0,0,0,0,0,0,18,20,0,1,108,1036,2.7
"Murray, Matt",PIT,G,60,0,0,0,0,0,0,0,0,0,0,0,0,0,35,18,0,4,145,1631,2.42
"Muzzin, Jake",LOS,D,82,11,21,-11,44,3,5,0,0,122,143,112,2,0,0,0,0,0,0,0,0
"Namestnikov, Vladislav",TAM,C,81,14,24,8,36,4,4,0,0,120,73,32,1,0,0,0,0,0,0,0,0
"Nash, Rick",NYR,LW,65,20,16,4,28,5,3,0,1,161,65,30,3,0,0,0,0,0,0,0,0
"Neal, James",LAS,RW,65,27,22,-15,56,9,9,0,0,211,81,33,4,0,0,0,0,0,0,0,0
"Nelson, Brock",NYI,C,81,23,21,-4,34,2,4,0,1,167,54,40,3,0,0,0,0,0,0,0,0
"Neuvirth, Michal",PHI,G,40,0,0,0,0,0,0,0,0,0,0,0,0,0,18,18,0,1,104,1039,2.6
"Niederreiter, Nino",MIN,RW,82,23,27,8,40,6,5,0,0,182,112,22,3,0,0,0,0,0,0,0,0
"Nielsen, Frans",DET,C,80,19,26,-11,20,3,9,1,1,159,55,71,1,0,0,0,0,0,0,0,0
"Niemi, Antti",PIT,G,22,0,0,0,0,0,0,0,0,0,0,0,0,0,11,7,0,1,56,544,2.55
"Nilsson, Anders",VAN,G,43,0,0,0,0,0,0,0,0,0,0,0,0,0,19,20,0,1,115,1152,2.67
"Niskanen, Matt",WAS,D,80,5,30,13,34,1,9,0,0,144,150,102,1,0,0,0,0,0,0,0,0
"Nugent-Hopkins, Ryan",EDM,C,78,19,27,-4,34,4,7,0,0,188,50,35,3,0,0,0,0,0,0,0,0
"Nylander, Alexander",BUF,RW,47,9,18,-8,12,1,5,0,0,88,23,9,1,0,0,0,0,0,0,0,0
"Nylander, William",TOR,C,81,24,40,3,40,8,14,0,0,221,32,24,3,0,0,0,0,0,0,0,0
"Nyquist, Gustav",DET,RW,79,16,33,-1,24,3,7,0,0,162,56,21,2,0,0,0,0,0,0,0,0
"O'Reilly, Ryan",BUF,C,74,20,31,-3,12,7,13,1,1,169,30,44,2,0,0,0,0,0,0,0,0
"Okposo, Kyle",BUF,RW,72,20,31,-5,34,6,13,0,0,181,67,34,3,0,0,0,0,0,0,0,0
"Olofsson, Gustav",MIN,D,71,5,15,-2,30,0,0,0,0,92,91,72,0,0,0,0,0,0,0,0,0
"Orlov, Dmitry",WAS,D,82,7,27,14,40,1,4,0,0,124,125,81,1,0,0,0,0,0,0,0,0
"Oshie, T.J.",WAS,RW,75,27,25,15,34,8,5,1,1,191,100,54,5,0,0,0,0,0,0,0,0
"Ovechkin, Alex",WAS,LW,82,44,36,13,56,18,7,0,0,311,209,31,7,2,0,0,0,0,0,0,0
"Pacioretty, Max",MON,LW,81,33,34,7,36,9,5,1,1,277,81,33,6,1,0,0,0,0,0,0,0
"Pageau, Jean-Gabriel",OTT,C,82,15,19,14,24,1,1,2,1,163,162,77,2,0,0,0,0,0,0,0,0
"Palat, Ondrej",TAM,LW,75,17,30,9,30,3,8,1,1,153,122,45,3,0,0,0,0,0,0,0,0
"Palmieri, Kyle",NJD,RW,81,28,27,1,40,9,10,1,1,188,125,40,3,0,0,0,0,0,0,0,0
"Panarin, Artemi",CLM,LW,81,28,39,11,24,8,10,0,0,213,34,14,4,0,0,0,0,0,0,0,0
"Panik, Richard",CHI,RW,82,18,21,11,54,2,5,0,0,143,123,56,3,0,0,0,0,0,0,0,0
"Parayko, Colton",STL,D,80,8,33,13,30,3,6,0,1,171,90,120,1,0,0,0,0,0,0,0,0
"Parenteau, P.A.",DET,RW,69,14,16,-11,31,3,4,0,0,134,55,31,2,0,0,0,0,0,0,0,0
"Parise, Zach",MIN,LW,74,23,36,0,34,5,10,0,1,199,56,51,4,0,0,0,0,0,0,0,0
"Pastrnak, David",BOS,RW,77,33,32,5,36,11,13,0,0,254,77,21,5,0,0,0,0,0,0,0,0
"Patrick, Nolan",PHI,C,68,17,22,-7,56,2,6,0,0,155,77,22,2,0,0,0,0,0,0,0,0
"Pavelec, Ondrej",NYR,G,22,0,0,0,0,0,0,0,0,0,0,0,0,0,9,11,0,0,61,572,2.77
"Pavelski, Joe",SAN,C,81,33,39,14,32,11,15,1,1,241,133,68,7,1,0,0,0,0,0,0,0
"Pearson, Tanner",LOS,LW,80,20,21,3,20,2,4,1,1,154,112,33,3,0,0,0,0,0,0,0,0
"Perreault, Mathieu",WPG,C,70,14,32,-11,34,4,13,0,0,137,90,32,2,0,0,0,0,0,0,0,0
"Perron, David",LAS,RW,77,21,29,-17,54,11,2,1,1,169,91,31,4,0,0,0,0,0,0,0,0
"Perry, Corey",ANA,RW,82,27,29,8,70,9,13,0,0,219,81,35,5,1,0,0,0,0,0,0,0
"Petrovic, Alex",FLA,D,63,1,12,0,81,0,0,0,0,61,110,61,0,0,0,0,0,0,0,0,0
"Petry, Jeff",MON,D,78,6,21,4,30,1,3,0,0,122,144,109,0,0,0,0,0,0,0,0,0
"Phaneuf, Dion",OTT,D,77,7,23,-9,82,2,8,0,1,144,133,119,1,0,0,0,0,0,0,0,0
"Pickard, Calvin",LAS,G,24,0,0,0,0,0,0,0,0,0,0,0,0,0,8,14,0,0,75,701,3.13
"Pietrangelo, Alex",STL,D,80,10,31,5,22,3,12,0,0,176,44,144,2,0,0,0,0,0,0,0,0
"Pirri, Brandon",FLA,C,63,15,11,-6,30,4,2,0,0,119,49,18,3,0,0,0,0,0,0,0,0
"Point, Brayden",TAM,C,77,21,24,6,20,6,8,0,0,143,44,33,3,0,0,0,0,0,0,0,0
"Pominville, Jason",BUF,RW,78,14,31,5,10,1,5,0,0,171,43,33,2,0,0,0,0,0,0,0,0
"Price, Carey",MON,G,64,0,0,0,0,0,0,0,0,0,0,0,0,0,36,19,0,7,144,1700,2.25
"Provorov, Ivan",PHI,D,82,7,27,-9,40,0,4,0,0,169,120,155,1,0,0,0,0,0,0,0,0
"Pulock, Ryan",NYI,D,55,4,14,-5,16,1,3,0,0,76,34,44,0,0,0,0,0,0,0,0,0
"Quick, Jonathan",LOS,G,60,0,0,0,0,0,0,0,0,0,0,0,0,0,28,26,0,3,142,1558,2.37
"Raanta, Antti",ARI,G,50,0,0,0,0,0,0,0,0,0,0,0,0,0,20,28,0,2,140,1359,2.8
"Radulov, Alexander",DAL,RW,76,21,34,7,46,7,11,0,0,169,77,35,3,0,0,0,0,0,0,0,0
"Rakell, Rickard",ANA,C,72,25,22,4,14,5,8,0,0,181,88,31,6,0,0,0,0,0,0,0,0
"Rantanen, Mikko",COL,RW,79,22,22,-17,30,5,7,0,0,149,33,38,2,0,0,0,0,0,0,0,0
"Rask, Victor",CAR,C,82,18,26,-8,20,4,9,0,1,181,40,30,4,0,0,0,0,0,0,0,0
"Rask, Tuukka",BOS,G,62,0,0,0,0,0,0,0,0,0,0,0,0,0,34,24,0,5,145,1578,2.34
"Read, Matt",PHI,RW,66,12,15,0,16,2,3,0,0,109,88,37,2,0,0,0,0,0,0,0,0
"Reimer, James",FLA,G,42,0,0,0,0,0,0,0,0,0,0,0,0,0,19,16,0,2,108,1135,2.57
"Reinhart, Sam",BUF,C,79,23,32,-9,12,8,8,0,0,189,24,40,4,0,0,0,0,0,0,0,0
"Richardson, Brad",ARI,C,63,11,17,-10,28,1,2,1,1,120,55,34,1,0,0,0,0,0,0,0,0
"Rieder, Tobias",ARI,RW,81,15,20,-13,12,2,4,1,1,179,44,41,2,0,0,0,0,0,0,0,0
"Rielly, Morgan",TOR,D,78,8,26,-10,24,1,4,1,1,159,55,122,1,0,0,0,0,0,0,0,0
"Rinne, Pekka",NAS,G,60,0,0,0,0,0,0,0,0,0,0,0,0,0,30,23,0,4,144,1596,2.4
"Ristolainen, Rasmus",BUF,D,81,7,40,-5,44,3,18,0,1,191,154,134,1,0,0,0,0,0,0,0,0
"Roussel, Antoine",DAL,LW,70,13,16,8,120,0,2,0,1,134,89,50,2,0,0,0,0,0,0,0,0
"Rust, Bryan",PIT,RW,64,16,14,2,12,1,2,0,0,125,109,33,1,0,0,0,0,0,0,0,0
"Ryan, Derek",CAR,C,72,13,21,-6,33,3,6,0,1,99,41,44,2,0,0,0,0,0,0,0,0
"Ryan, Bobby",OTT,RW,75,22,27,-5,30,3,5,0,0,145,108,30,2,0,0,0,0,0,0,0,0
"Saad, Brandon",CHI,LW,82,26,34,14,16,6,10,1,1,236,30,25,5,0,0,0,0,0,0,0,0
"Sanheim, Travis",PHI,D,65,4,17,-4,53,0,2,0,0,95,85,54,0,0,0,0,0,0,0,0,0
"Saros, Juuse",NAS,G,22,0,0,0,0,0,0,0,0,0,0,0,0,0,9,10,0,1,59,585,2.68
"Scheifele, Mark",WPG,C,79,31,42,17,44,9,11,0,1,189,47,31,5,0,0,0,0,0,0,0,0
"Schenn, Brayden",STL,LW,80,24,31,3,36,10,11,0,0,181,171,33,5,0,0,0,0,0,0,0,0
"Schlemko, David",MON,D,69,4,17,9,20,1,3,0,0,116,44,119,1,0,0,0,0,0,0,0,0
"Schmaltz, Nick",CHI,RW,69,11,20,5,12,1,3,0,0,121,32,55,1,0,0,0,0,0,0,0,0
"Schneider, Cory",NJD,G,61,0,0,0,0,0,0,0,0,0,0,0,0,0,24,27,0,3,161,1638,2.64
"Schroeder, Jordan",CLM,C,55,8,7,0,6,0,0,0,0,63,44,21,0,0,0,0,0,0,0,0,0
"Schultz, Justin",PIT,D,78,10,33,13,30,1,13,0,0,145,56,109,1,0,0,0,0,0,0,0,0
"Schwartz, Jaden",STL,LW,78,22,34,11,20,5,8,1,1,183,55,40,4,0,0,0,0,0,0,0,0
"Seabrook, Brent",CHI,D,80,7,31,3,30,2,11,0,1,142,114,144,1,0,0,0,0,0,0,0,0
"Sedin, Daniel",VAN,LW,82,18,31,-5,34,5,11,0,1,195,20,18,2,0,0,0,0,0,0,0,0
"Sedin, Henrik",VAN,C,82,15,33,-14,22,1,12,0,0,98,24,25,1,0,0,0,0,0,0,0,0
"Sedlak, Lukas",CLM,C,65,11,10,5,32,0,0,0,1,81,71,34,0,0,0,0,0,0,0,0,0
"Seguin, Tyler",DAL,C,79,35,45,2,20,11,17,0,0,269,60,25,6,1,0,0,0,0,0,0,0
"Sekera, Andrej",EDM,D,65,3,23,11,20,0,6,0,1,108,47,117,0,0,0,0,0,0,0,0,0
"Sergachev, Mikhail",TAM,D,49,4,13,-3,36,0,3,0,0,71,61,45,0,0,0,0,0,0,0,0,0
"Severson, Damon",NJD,D,79,5,33,-25,54,0,15,0,0,132,81,68,1,0,0,0,0,0,0,0,0
"Sharp, Patrick",CHI,LW,71,16,22,4,30,3,4,1,1,189,72,23,2,0,0,0,0,0,0,0,0
"Shattenkirk, Kevin",NYR,D,77,9,36,-3,44,5,13,0,0,141,67,91,1,0,0,0,0,0,0,0,0
"Shaw, Andrew",MON,C,74,13,19,6,80,1,4,0,1,148,144,33,2,0,0,0,0,0,0,0,0
"Sheary, Conor",PIT,LW,75,24,31,12,30,6,9,0,0,199,35,56,4,0,0,0,0,0,0,0,0
"Shipachyov, Vadim",LAS,C,74,19,31,-10,24,2,9,0,0,139,25,31,2,0,0,0,0,0,0,0,0
"Shore, Devin",DAL,C,81,15,22,-6,20,1,4,0,0,124,48,73,0,0,0,0,0,0,0,0,0
"Silfverberg, Jakob",ANA,RW,80,25,27,9,26,6,5,1,1,233,61,50,4,0,0,0,0,0,0,0,0
"Simmonds, Wayne",PHI,RW,81,31,27,-9,124,14,8,1,1,231,171,50,5,1,0,0,0,0,0,0,0
"Skinner, Jeff",CAR,LW,80,31,27,-5,34,7,6,0,0,260,30,24,4,1,0,0,0,0,0,0,0
"Skjei, Brady",NYR,D,80,6,31,8,44,1,6,0,0,133,151,71,1,0,0,0,0,0,0,0,0
"Slavin, Jaccob",CAR,D,80,6,27,11,14,0,3,0,1,113,40,134,1,0,0,0,0,0,0,0,0
"Smith, Craig",NAS,RW,80,16,16,4,34,3,2,0,0,167,89,20,3,0,0,0,0,0,0,0,0
"Smith, Zack",OTT,C,78,18,17,8,72,2,1,2,1,138,144,30,2,0,0,0,0,0,0,0,0
"Smith, Reilly",LAS,RW,80,17,24,-17,20,5,5,1,1,167,71,73,2,0,0,0,0,0,0,0,0
"Smith, Mike",CGY,G,54,0,0,0,0,0,0,0,0,0,0,0,0,0,25,24,0,3,138,1450,2.56
"Spezza, Jason",DAL,C,74,18,38,-5,30,3,14,0,1,167,12,26,3,0,0,0,0,0,0,0,0
"Spooner, Ryan",BOS,C,79,12,31,-4,30,3,11,0,0,144,41,18,3,0,0,0,0,0,0,0,0
"Spurgeon, Jared",MIN,D,77,9,23,13,16,1,5,0,0,131,50,142,2,0,0,0,0,0,0,0,0
"Staal, Eric",MIN,C,80,25,36,10,40,5,11,0,1,213,43,34,4,0,0,0,0,0,0,0,0
"Staal, Jordan",CAR,C,77,18,28,0,36,4,4,1,1,167,133,32,2,0,0,0,0,0,0,0,0
"Stalberg, Viktor",,LW,75,12,14,0,30,0,1,0,1,109,112,14,1,0,0,0,0,0,0,0,0
"Stalock, Alex",MIN,G,19,0,0,0,0,0,0,0,0,0,0,0,0,0,8,10,0,0,54,517,2.84
"Stamkos, Steven",TAM,C,74,36,29,3,24,11,8,1,1,221,45,35,5,1,0,0,0,0,0,0,0
"Stastny, Paul",STL,C,69,16,28,2,30,3,7,0,0,118,43,31,2,0,0,0,0,0,0,0,0
"Steen, Alexander",STL,LW,75,17,34,0,50,3,13,0,0,154,40,54,2,0,0,0,0,0,0,0,0
"Stempniak, Lee",CAR,RW,77,16,23,-5,30,4,6,0,1,129,90,24,2,0,0,0,0,0,0,0,0
"Stepan, Derek",ARI,C,77,18,30,0,22,4,12,1,2,199,36,34,3,0,0,0,0,0,0,0,0
"Stolarz, Anthony",PHI,G,2,0,0,0,0,0,0,0,0,0,0,0,0,0,1,1,0,0,6,56,3
"Stone, Mark",OTT,RW,73,22,34,5,30,5,9,1,1,139,40,54,4,0,0,0,0,0,0,0,0
"Streit, Mark",MON,D,69,5,17,-4,30,4,12,0,0,99,45,1,1,0,0,0,0,0,0,0,0
"Strome, Ryan",EDM,C,70,18,26,-2,46,3,7,1,1,169,82,20,3,0,0,0,0,0,0,0,0
"Strome, Dylan",ARI,C,71,19,23,-11,34,4,7,0,0,161,78,23,3,0,0,0,0,0,0,0,0
"Subban, P.K.",NAS,D,73,11,31,2,54,4,14,0,1,169,82,91,2,0,0,0,0,0,0,0,0
"Suter, Ryan",MIN,D,82,8,34,13,34,2,11,0,1,167,71,123,1,0,0,0,0,0,0,0,0
"Sutter, Brandon",VAN,C,81,19,15,-11,14,2,3,1,1,167,71,55,2,0,0,0,0,0,0,0,0
"Talbot, Cam",EDM,G,67,0,0,0,0,0,0,0,0,0,0,0,0,0,36,25,0,5,162,1816,2.42
"Tarasenko, Vladimir",STL,RW,81,38,39,12,30,11,13,0,0,291,40,29,7,2,0,0,0,0,0,0,0
"Tatar, Tomas",DET,LW,81,23,24,-4,28,6,4,0,0,171,81,22,4,0,0,0,0,0,0,0,0
"Tavares, John",NYI,C,78,31,40,5,40,7,13,1,1,255,44,24,4,0,0,0,0,0,0,0,0
"Teravainen, Teuvo",CAR,C,80,14,24,-3,20,4,11,0,0,155,26,32,1,0,0,0,0,0,0,0,0
"Theodore, Shea",LAS,D,72,9,25,-11,54,4,9,0,0,131,29,71,2,0,0,0,0,0,0,0,0
"Thornton, Joe",SAN,C,78,11,47,12,50,1,17,0,0,113,52,31,1,0,0,0,0,0,0,0,0
"Tkachuk, Matthew",CGY,LW,78,17,36,12,112,4,11,0,1,167,69,31,3,0,0,0,0,0,0,0,0
"Toews, Jonathan",CHI,C,78,28,32,11,44,5,12,2,1,202,61,35,6,0,0,0,0,0,0,0,0
"Toffoli, Tyler",LOS,RW,77,24,27,14,24,7,8,1,1,199,62,19,3,0,0,0,0,0,0,0,0
"Tolvanen, Eeli",NAS,LW,37,9,8,-2,16,1,4,0,0,81,25,9,1,0,0,0,0,0,0,0,0
"Trocheck, Vincent",FLA,C,82,25,32,-11,44,4,9,1,1,233,143,54,3,0,0,0,0,0,0,0,0
"Trouba, Jacob",WPG,D,78,11,31,11,64,4,9,1,1,181,134,154,2,0,0,0,0,0,0,0,0
"Turris, Kyle",OTT,C,79,24,33,-6,40,5,11,1,1,215,43,41,4,0,0,0,0,0,0,0,0
"van Riemsdyk, James",TOR,LW,82,28,31,4,40,6,11,0,1,242,59,29,4,0,0,0,0,0,0,0,0
"Vanek, Thomas",VAN,LW,72,17,25,-3,30,4,7,0,0,139,32,13,1,0,0,0,0,0,0,0,0
"Varlamov, Semyon",COL,G,40,0,0,0,0,0,0,0,0,0,0,0,0,0,15,23,0,0,108,1035,2.7
"Vasilevskiy, Andrei",TAM,G,58,0,0,0,0,0,0,0,0,0,0,0,0,0,30,22,0,3,141,1513,2.43
"Vatanen, Sami",ANA,D,74,5,30,5,30,3,9,0,0,131,81,122,0,0,0,0,0,0,0,0,0
"Vatrano, Frank",BOS,C,72,18,13,-3,30,6,3,0,0,171,77,31,2,0,0,0,0,0,0,0,0
"Versteeg, Kris",CGY,RW,67,14,21,-4,40,4,6,0,0,133,13,30,1,0,0,0,0,0,0,0,0
"Vesalainen, Kristian",WPG,LW,33,7,8,-4,18,1,3,0,0,77,22,5,0,0,0,0,0,0,0,0,0
"Vesey, Jimmy",NYR,LW,80,21,16,-9,34,7,4,0,0,177,71,55,3,0,0,0,0,0,0,0,0
"Vlasic, Marc-Edouard",SAN,D,77,7,24,13,44,1,4,0,1,139,49,139,1,0,0,0,0,0,0,0,0
"Voracek, Jakub",PHI,LW,80,19,40,-4,40,3,17,0,0,210,33,23,2,0,0,0,0,0,0,0,0
"Vrana, Jakub",WAS,RW,34,8,8,-5,24,1,3,0,0,77,31,10,1,0,0,0,0,0,0,0,0
"Vrbata, Radim",FLA,RW,79,21,31,-14,14,5,11,0,0,214,32,23,3,0,0,0,0,0,0,0,0
"Ward, Cam",CAR,G,24,0,0,0,0,0,0,0,0,0,0,0,0,0,9,12,0,0,65,635,2.71
"Ward, Joel",SAN,RW,78,15,17,-4,32,1,2,1,1,127,67,55,2,0,0,0,0,0,0,0,0
"Warsofsky, David",COL,D,45,1,3,-4,10,0,0,0,0,54,12,33,0,0,0,0,0,0,0,0,0
"Weal, Jordan",PHI,C,61,15,12,3,24,3,0,0,0,134,21,13,1,0,0,0,0,0,0,0,0
"Weber, Shea",MON,D,78,16,32,12,40,11,12,0,0,188,133,155,2,0,0,0,0,0,0,0,0
"Wennberg, Alexander",CLM,C,78,14,42,4,22,2,13,0,0,122,58,45,2,0,0,0,0,0,0,0,0
"Werenski, Zach",CLM,D,79,12,33,13,20,4,15,0,0,191,44,99,1,0,0,0,0,0,0,0,0
"Wheeler, Blake",WPG,RW,80,25,44,4,44,4,13,1,2,239,90,54,4,0,0,0,0,0,0,0,0
"Williams, Justin",CAR,RW,80,23,30,-5,50,5,7,0,0,164,30,42,3,0,0,0,0,0,0,0,0
"Wilson, Colin",COL,LW,67,11,19,0,16,2,1,0,0,111,55,24,1,0,0,0,0,0,0,0,0
"Yandle, Keith",FLA,D,81,5,37,-5,40,2,14,0,0,164,32,71,1,0,0,0,0,0,0,0,0
"Zacha, Pavel",NJD,C,138,13,22,-15,23,3,9,0,0,177,55,21,2,0,0,0,0,0,0,0,0
"Zaitsev, Nikita",TOR,D,80,5,31,-10,42,1,8,0,0,121,167,132,0,0,0,0,0,0,0,0,0
"Zajac, Travis",NJD,C,77,14,30,0,30,5,9,1,1,133,71,31,1,0,0,0,0,0,0,0,0
"Zetterberg, Henrik",DET,LW,78,17,40,10,20,2,9,0,0,177,50,24,1,0,0,0,0,0,0,0,0
"Zibanejad, Mika",NYR,C,78,23,31,4,20,5,8,1,1,179,100,34,4,0,0,0,0,0,0,0,0
"Zuccarello, Mats",NYR,RW,80,19,40,11,30,6,10,0,1,179,85,55,3,0,0,0,0,0,0,0,0
"Zucker, Jason",MIN,LW,77,21,21,11,32,1,1,1,1,166,80,40,2,0,0,0,0,0,0,0,0